{
  "hash": "00d4dd18",
  "configHash": "8f898510",
  "lockfileHash": "a261d635",
  "browserHash": "66f880c0",
  "optimized": {
    "@angular/core": {
      "src": "../../../../../../node_modules/@angular/core/fesm2022/core.mjs",
      "file": "@angular_core.js",
      "fileHash": "249a40b5",
      "needsInterop": false
    },
    "@angular/forms": {
      "src": "../../../../../../node_modules/@angular/forms/fesm2022/forms.mjs",
      "file": "@angular_forms.js",
      "fileHash": "685f8c83",
      "needsInterop": false
    },
    "@angular/platform-browser": {
      "src": "../../../../../../node_modules/@angular/platform-browser/fesm2022/platform-browser.mjs",
      "file": "@angular_platform-browser.js",
      "fileHash": "f3f66b1e",
      "needsInterop": false
    },
    "@angular/platform-browser/animations/async": {
      "src": "../../../../../../node_modules/@angular/platform-browser/fesm2022/animations-async.mjs",
      "file": "@angular_platform-browser_animations_async.js",
      "fileHash": "fea0a748",
      "needsInterop": false
    },
    "@angular/router": {
      "src": "../../../../../../node_modules/@angular/router/fesm2022/router.mjs",
      "file": "@angular_router.js",
      "fileHash": "973bacf9",
      "needsInterop": false
    },
    "zone.js": {
      "src": "../../../../../../node_modules/zone.js/fesm2015/zone.js",
      "file": "zone__js.js",
      "fileHash": "49033d11",
      "needsInterop": true
    }
  },
  "chunks": {
    "chunk-X3S74KXY": {
      "file": "chunk-X3S74KXY.js"
    },
    "chunk-CYK574HZ": {
      "file": "chunk-CYK574HZ.js"
    },
    "chunk-GDCUOLE7": {
      "file": "chunk-GDCUOLE7.js"
    },
    "browser-4QTM4QVZ": {
      "file": "browser-4QTM4QVZ.js"
    },
    "chunk-UXJAXTXK": {
      "file": "chunk-UXJAXTXK.js"
    }
  }
}